Paragraph,Strict Score,Agressive Score,Difference
1.4.6.6,46.31200000000001,58.303,11.990999999999985
1.1.1.1,12.937,23.686999999999998,10.749999999999998
1.1.1.3,1.52,12.265999999999998,10.745999999999999
1.4.6.4,62.655,72.97799999999997,10.322999999999965
1.1.1.11,9.166,18.829,9.663
1.4.6.20,41.62,51.27999999999999,9.65999999999999
1.4.6.18,51.41700000000001,60.07499999999999,8.65799999999998
1.1.1.10,2.249,10.58,8.331
1.4.6.16,63.25899999999999,70.75699999999998,7.497999999999983
1.4.6.13,9.602000000000002,16.598000000000006,6.996000000000004
1.1.1.1n2,1.4369999999999998,8.187000000000001,6.750000000000002
1.1.1.2,3.4370000000000003,10.187,6.749999999999999
1.4.6.2,57.32099999999999,63.981,6.660000000000011
1.4.6.5,39.708,46.368,6.660000000000004
1.4.6.19,55.77100000000001,62.431000000000004,6.659999999999997
1.1.4.6,4.967,10.713000000000003,5.746000000000003
1.1.1.5,0.457,6.203000000000001,5.746000000000001
1.1.7.7,5.516,11.18,5.664
1.1.2.1,4.666,10.329,5.663
App.20,68.85500000000002,74.45200000000003,5.597000000000008
1.4.6.15,30.453999999999994,35.95399999999999,5.5
1.1.7.2,2.186,7.685999999999999,5.499999999999999
1.4.6.8,14.615,19.942999999999998,5.327999999999998
1.3.11.13,0.028999999999999998,5.194,5.165
1.1.4.1,15.425,20.589000000000002,5.1640000000000015
1.2.4.30,0.0,5.0,5.0
1.1.5.1,2.517,7.5150000000000015,4.998000000000001
1.2.4.24,0.25,5.166,4.916
1.2.5.1,0.033,4.8660000000000005,4.833
1.1.7.3,6.393999999999999,11.144,4.750000000000001
1.3.11.12,0.028999999999999998,4.779,4.75
1.1.7.6,2.5610000000000004,7.311,4.75
1.1.7.17,1.758,6.4239999999999995,4.6659999999999995
1.3.1.1,0.146,4.646,4.5
1.2.4.33,0.0,4.5,4.5
1.3.11.3,0.027000000000000003,4.523,4.4959999999999996
1.1.4.3,4.1339999999999995,8.548,4.414000000000001
1.3.10.8,0.027000000000000003,4.356000000000001,4.329000000000001
1.3.8.13,0.212,4.4620000000000015,4.250000000000002
1.3.12.6,0.028999999999999998,4.195,4.166
1.1.1.8,3.123,7.2040000000000015,4.081000000000001
1.3.1.1n15,0.021,4.021,4.0
1.3.5.3,0.34299999999999997,4.343,4.0
1.1.7.18,2.05,6.05,4.0
1.4.6.11,8.572000000000001,12.568000000000005,3.996000000000004
1.4.6.12,8.572000000000001,12.568000000000005,3.996000000000004
1.1.4.7,2.675,6.671000000000001,3.9960000000000013
1.1.1.4,0.083,4.0790000000000015,3.9960000000000013
1.3.11.2,0.024,4.02,3.9959999999999996
1.3.11.1,0.024,4.02,3.9959999999999996
1.4.5.15,3.658,7.4079999999999995,3.7499999999999996
1.3.12.20,0.028999999999999998,3.695,3.666
1.3.12.19,0.028999999999999998,3.695,3.666
1.3.6.3,0.14700000000000002,3.812,3.665
1.1.1.12,3.6660000000000004,7.3290000000000015,3.663000000000001
1.4.6.3,52.91199999999998,56.574999999999974,3.6629999999999967
1.3.8.10,0.08499999999999999,3.667,3.582
1.3.12.5,0.026,3.5260000000000002,3.5000000000000004
1.3.6.4,0.14700000000000002,3.647,3.5
2.2.2.9,0.59,4.09,3.5
1.1.7.9,2.025,5.439,3.414
1.1.6.1,3.028,6.363,3.3350000000000004
1.4.5.14,1.0750000000000002,4.408,3.333
1.4.2.20,0.6950000000000001,4.027,3.332
1.3.1.7,6.2200000000000015,9.552,3.331999999999998
1.4.2.34,4.321999999999999,7.653,3.3310000000000004
1.4.2.35n39,2.0920000000000005,5.422999999999999,3.3309999999999986
1.4.2.40,8.274000000000001,11.604,3.3299999999999983
1.2.2.2,0.9990000000000001,4.2490000000000006,3.2500000000000004
1.3.2.7,3.4520000000000013,6.650000000000002,3.198000000000001
1.3.13.4,0.115,3.2800000000000007,3.1650000000000005
1.3.10.3,0.028999999999999998,3.1940000000000004,3.1650000000000005
App.17,17.262999999999998,20.364,3.1010000000000026
1.4.6.6n50,13.234000000000002,16.234000000000005,3.0000000000000036
1.3.8.14,1.122,4.122,3.0
1.4.6.14,5.529000000000001,8.529,2.999999999999999
1.4.6.21,12.974000000000002,15.973999999999998,2.9999999999999964
1.3.1.6,2.549,5.547999999999999,2.998999999999999
1.4.2.39,20.241,23.238000000000003,2.9970000000000034
1.4.6.1,25.112,28.109,2.9970000000000034
1.4.6.9,9.041,12.038000000000002,2.9970000000000017
1.3.2.2,1.5219999999999998,4.519,2.9970000000000003
1.3.6.1,0.068,3.0650000000000004,2.9970000000000003
1.4.6.10,7.074000000000002,10.071000000000002,2.997
1.3.14.1,1.1470000000000002,4.144,2.997
1.4.5.35,14.400000000000002,17.397000000000002,2.997
1.3.12.2,0.027000000000000003,3.0239999999999996,2.9969999999999994
1.4.2.38,6.607,9.604,2.996999999999999
App.21,31.653,34.64999999999999,2.996999999999993
App.22,20.570000000000004,23.566999999999997,2.996999999999993
1.3.2.4,2.0090000000000003,4.874000000000001,2.865000000000001
2.2.2.16,6.588000000000001,9.420000000000002,2.8320000000000007
1.4.2.11,0.195,3.0260000000000002,2.8310000000000004
1.4.2.13,0.195,3.0260000000000002,2.8310000000000004
1.3.2.9,1.8519999999999999,4.650000000000001,2.7980000000000014
1.2.4.29,0.25,3.0,2.75
1.3.9.9,0.008,2.758,2.75
1.3.3.3,0.254,2.9190000000000014,2.6650000000000014
1.4.2.45,4.995,7.66,2.665
1.4.1.11,1.3330000000000002,3.998,2.665
1.3.13.2,0.115,2.78,2.6649999999999996
1.1.4.2,3.842,6.506000000000001,2.664000000000001
1.3.8.2,0.062,2.7260000000000004,2.6640000000000006
1.3.12.17,0.027000000000000003,2.6910000000000003,2.664
1.1.7.8,1.2860000000000005,3.95,2.6639999999999997
App.18,15.495,18.095,2.5999999999999996
App.20n89,14.202000000000002,16.801999999999996,2.5999999999999943
App.19,19.495000000000005,22.095,2.5999999999999943
1.1.3.4,6.582999999999999,9.083,2.500000000000001
1.1.6.2,0.9159999999999999,3.4160000000000004,2.5000000000000004
1.2.4.32,1.0,3.5,2.5
1.2.5.19,1.033,3.533,2.5
1.3.9.13,0.01,2.51,2.5
1.2.5.28,1.2209999999999999,3.721,2.5
1.3.9.10,0.008,2.508,2.5
1.2.5.20,9.033,11.533,2.5
1.1.6.3,1.739,4.239,2.5
1.1.7.1,0.123,2.623,2.5
1.1.7.1n4,0.123,2.623,2.5
1.1.3.1,1.125,3.625,2.5
1.2.2.1,0.249,2.7489999999999997,2.4999999999999996
1.3.13.20,0.6150000000000001,3.113,2.4979999999999998
2.1.1.4,8.873000000000003,11.289,2.415999999999997
1.4.1.6,1.083,3.4160000000000004,2.333
1.3.9.14,0.341,2.674,2.3329999999999997
1.4.6.7,10.54,12.871000000000002,2.331000000000003
1.1.1.9,0.7490000000000001,3.0800000000000014,2.3310000000000013
1.3.7.2,0.672,3.003000000000001,2.331000000000001
1.4.2.35,2.314,4.6450000000000005,2.3310000000000004
1.3.7.4,0.33899999999999997,2.6700000000000004,2.3310000000000004
1.3.8.8,0.062,2.3930000000000002,2.3310000000000004
1.3.8.4,0.062,2.393,2.331
1.3.10.7,0.024,2.355,2.331
1.3.10.6,0.028999999999999998,2.36,2.331
1.2.5.23,0.033,2.364,2.331
1.4.2.12,0.195,2.526,2.331
1.3.8.12,0.08199999999999999,2.3320000000000003,2.2500000000000004
1.3.8.11,0.08199999999999999,2.3320000000000003,2.2500000000000004
1.2.3.3,0.6930000000000001,2.943,2.25
1.2.2.6,0.499,2.7489999999999997,2.2499999999999996
1.2.1.4,1.4560000000000002,3.622,2.1659999999999995
1.2.1.2,2.7060000000000004,4.872,2.1659999999999995
1.4.1.9,0.083,2.248,2.165
1.2.3.6,1.6929999999999998,3.693,2.0
1.2.5.12,0.033,2.033,2.0
1.3.11.6,0.028999999999999998,2.029,2.0
1.2.5.29,0.408,2.408,2.0
1.3.12.24,0.031,2.031,2.0
1.4.1.5,0.083,2.083,2.0
1.3.3.5,0.254,2.254,2.0
1.4.5.18,3.4910000000000005,5.4910000000000005,2.0
1.3.4.1,0.17500000000000002,2.175,1.9999999999999998
1.4.4.1,2.31,4.309000000000001,1.999000000000001
1.3.13.9,0.449,2.4480000000000004,1.9990000000000003
2.1.5.5,5.041,7.0390000000000015,1.998000000000001
1.4.6.17,23.77099999999999,25.76899999999999,1.998000000000001
1.3.2.8,1.1829999999999998,3.1810000000000005,1.9980000000000007
1.3.14.1n27,0.728,2.7260000000000004,1.9980000000000004
1.3.6.13,1.144,3.142,1.998
1.3.10.10,0.024,2.022,1.9979999999999998
1.3.10.9,0.024,2.022,1.9979999999999998
1.3.12.15,0.024,2.022,1.9979999999999998
1.3.14.7,2.055,4.053,1.9979999999999998
1.3.6.11,0.8109999999999999,2.8089999999999997,1.9979999999999998
1.3.12.16,0.024,2.022,1.9979999999999998
1.3.15.12,0.335,2.251,1.916
1.2.4.21,0.25,2.166,1.916
1.3.3.1,0.254,2.119,1.8650000000000002
1.2.5.9,0.4330000000000001,2.283,1.8499999999999999
1.1.5.6,1.24,3.077,1.837
1.3.11.7,0.028999999999999998,1.862,1.8330000000000002
1.3.6.7,1.4780000000000002,3.3110000000000004,1.8330000000000002
1.3.9.3,0.008,1.841,1.833
1.3.10.2,0.028999999999999998,1.8619999999999999,1.833
1.4.2.18,0.195,2.027,1.832
1.2.2.3,3.2489999999999997,4.9990000000000006,1.7500000000000009
1.1.4.5,0.578,2.3280000000000003,1.7500000000000004
1.1.4.4,0.578,2.3280000000000003,1.7500000000000004
1.3.13.12,1.74,3.49,1.7500000000000002
1.3.13.5,0.365,2.115,1.7500000000000002
1.1.7.12,1.32,3.0700000000000003,1.7500000000000002
1.1.7.4,0.331,2.081,1.75
2.1.2.3,10.79,12.54,1.75
2.1.2.1,8.542,10.292,1.75
1.2.3.5,0.657,2.407,1.75
1.1.1.6,0.374,2.124,1.75
1.1.1.7,4.3740000000000006,6.1240000000000006,1.75
1.2.3.4,0.657,2.407,1.75
1.1.7.5,0.331,2.081,1.75
2.1.2.2,17.542,19.292,1.75
1.3.13.10,0.6150000000000001,2.365,1.75
1.2.6.4,1.925,3.5920000000000005,1.6670000000000005
1.4.1.12,3.1660000000000004,4.832000000000002,1.6660000000000013
1.1.7.15,1.2890000000000001,2.955,1.666
1.4.7.10,1.6569999999999998,3.3220000000000005,1.6650000000000007
1.2.5.21,3.033,4.698,1.6650000000000005
1.4.5.11,0.742,2.4070000000000005,1.6650000000000005
1.3.14.9,0.7190000000000001,2.3840000000000003,1.6650000000000003
1.2.5.22,0.033,1.6980000000000002,1.6650000000000003
1.3.10.5,0.028999999999999998,1.6940000000000002,1.6650000000000003
1.4.2.44,1.34,3.0050000000000003,1.6650000000000003
1.4.1.10,0.083,1.7480000000000002,1.6650000000000003
1.3.10.4,0.024,1.689,1.665
1.3.8.3,0.059,1.724,1.665
1.4.2.2,1.1949999999999998,2.86,1.665
1.3.6.2,0.065,1.73,1.665
1.3.3.2,0.252,1.917,1.665
1.3.2.3,0.74,2.405,1.6649999999999998
1.3.8.6,0.062,1.7269999999999999,1.6649999999999998
1.3.12.1,0.024,1.6889999999999998,1.6649999999999998
1.4.2.43,2.467,4.132,1.6649999999999996
1.3.14.8,2.719,4.3839999999999995,1.6649999999999996
1.3.13.3,0.11,1.7749999999999997,1.6649999999999996
1.4.5.20,5.2410000000000005,6.824000000000002,1.583000000000001
1.3.11.9,0.027000000000000003,1.61,1.5830000000000002
1.4.2.56,10.132000000000003,11.632000000000005,1.5000000000000018
1.4.2.57,3.028,4.5280000000000005,1.5000000000000004
1.2.6.3,0.938,2.438,1.5000000000000002
1.2.6.2,0.938,2.438,1.5000000000000002
1.2.6.1,0.938,2.438,1.5000000000000002
1.4.3.11,1.781,3.281,1.5000000000000002
1.3.6.6,0.14200000000000002,1.642,1.5
1.3.6.5,0.14200000000000002,1.642,1.5
2.2.2.17,5.424,6.924,1.5
1.3.14.35,2.088,3.588,1.5
1.3.14.36,2.088,3.588,1.5
1.3.9.4,0.005,1.505,1.5
1.2.1.1,1.15,2.65,1.5
1.3.4.2,0.172,1.672,1.5
1.3.16.3,0.132,1.632,1.5
1.3.3.7,0.255,1.755,1.5
1.2.1.5,0.9,2.4,1.5
1.4.2.21,1.945,3.445,1.4999999999999998
1.4.2.9,3.5700000000000003,5.0699999999999985,1.4999999999999982
1.2.6.8,8.375,9.874,1.4990000000000006
1.2.4.4,0.0,1.499,1.499
1.3.1.4,0.257,1.756,1.499
1.3.14.20,2.366,3.7820000000000014,1.4160000000000013
1.4.2.25,1.0459999999999998,2.381,1.335
1.3.13.13,1.767,3.1,1.3330000000000002
3.1.2.4,2.6830000000000003,4.016,1.3329999999999997
1.4.2.46,4.6080000000000005,5.941,1.3329999999999993
2.1.5.3,5.625,6.957000000000002,1.3320000000000016
1.3.6.12,2.8080000000000003,4.1400000000000015,1.3320000000000012
2.2.2.15,8.588000000000001,9.920000000000002,1.3320000000000007
1.4.2.48,2.279,3.611,1.3320000000000003
1.2.6.9n14,1.888,3.22,1.3320000000000003
1.3.5.6,0.003,1.335,1.332
1.3.5.1,0.447,1.7790000000000001,1.332
1.3.4.3,0.447,1.7790000000000001,1.332
1.3.7.3,0.003,1.335,1.332
1.3.8.9,0.059,1.391,1.332
1.3.2.1,1.018,2.35,1.332
1.3.9.19n22,0.006,1.338,1.332
1.3.5.7,0.003,1.335,1.332
1.3.12.3,0.024,1.3559999999999999,1.3319999999999999
1.2.6.9,7.388000000000001,8.72,1.3319999999999999
1.4.2.19,3.1950000000000003,4.527,1.3319999999999999
2.2.2.14,2.4210000000000003,3.753,1.3319999999999999
1.3.5.2,2.447,3.779,1.3319999999999999
1.3.12.4,0.024,1.3559999999999999,1.3319999999999999
1.4.2.50,0.6690000000000002,2.0009999999999994,1.3319999999999994
1.4.2.6,7.4449999999999985,8.695,1.2500000000000018
1.2.5.11,0.033,1.2830000000000001,1.2500000000000002
1.2.5.10,0.033,1.2830000000000001,1.2500000000000002
1.3.12.11,0.027000000000000003,1.277,1.25
1.3.11.10,0.024,1.274,1.25
1.3.9.6,0.008,1.258,1.25
1.3.11.11,0.024,1.274,1.25
1.3.16.1,0.132,1.382,1.25
1.2.2.7,0.249,1.499,1.25
1.4.5.19,5.9079999999999995,7.1579999999999995,1.25
1.4.3.9,18.03,19.28,1.25
1.2.4.22,0.25,1.5,1.25
1.2.4.23,0.25,1.5,1.25
1.2.2.8,0.249,1.499,1.25
1.2.2.9,0.249,1.499,1.25
1.4.5.7,4.325,5.575,1.25
1.3.16.2,0.132,1.382,1.25
1.4.5.19n45,2.9080000000000004,4.158,1.25
1.3.8.15,2.064,3.3139999999999996,1.2499999999999996
1.4.2.3,1.737,2.9860000000000007,1.2490000000000006
1.4.5.10,1.2420000000000004,2.4910000000000005,1.249
1.3.13.7,0.6970000000000001,1.946,1.2489999999999999
1.3.2.6,0.6719999999999999,1.872,1.2000000000000002
1.3.2.5,0.505,1.7049999999999998,1.1999999999999997
1.3.2.6n16,0.505,1.7049999999999998,1.1999999999999997
1.2.4.2,0.028999999999999998,1.2280000000000002,1.1990000000000003
1.2.4.10,0.0,1.168,1.168
1.3.14.13,10.776,11.942,1.1660000000000004
1.4.4.6,1.56,2.7260000000000004,1.1660000000000004
1.3.12.8,0.027000000000000003,1.193,1.1660000000000001
1.2.5.25,0.8460000000000001,2.012,1.166
1.4.2.26,0.913,1.915,1.002
1.4.2.27,0.913,1.915,1.002
1.4.2.28,0.913,1.915,1.002
1.1.5.3,0.128,1.13,1.0019999999999998
1.4.2.29n37,0.56,1.5619999999999998,1.0019999999999998
1.1.5.5,0.128,1.13,1.0019999999999998
1.1.5.2,0.128,1.13,1.0019999999999998
1.1.5.4,0.128,1.13,1.0019999999999998
1.4.2.29,3.3470000000000004,4.348999999999998,1.001999999999998
1.4.2.32,3.265,4.2650000000000015,1.0000000000000013
2.1.11.8,3.6439999999999997,4.644,1.0000000000000004
2.1.4.4,1.666,2.6660000000000004,1.0000000000000004
1.4.2.36,2.458,3.4580000000000006,1.0000000000000004
2.2.2.19,0.424,1.4240000000000002,1.0000000000000002
1.3.2.13,0.9069999999999998,1.907,1.0000000000000002
2.1.11.9,1.144,2.144,1.0000000000000002
1.3.12.23,0.028999999999999998,1.0290000000000001,1.0000000000000002
1.3.13.1,0.11199999999999999,1.112,1.0
1.4.2.37,2.8240000000000007,3.8240000000000007,1.0
1.4.2.33,1.3330000000000002,2.333,1.0
1.4.3.1,2.864,3.864,1.0
1.4.5.6,5.325,6.325,1.0
2.1.4.5,0.0,1.0,1.0
1.3.16.9,0.132,1.1320000000000001,1.0
1.4.2.8,2.5700000000000003,3.5700000000000003,1.0
1.4.3.4,2.031,3.031,1.0
1.4.2.7,8.570000000000002,9.570000000000002,1.0
1.4.3.2,3.864,4.864,1.0
1.4.3.3,4.031000000000001,5.031000000000001,1.0
1.3.3.6,0.252,1.252,1.0
1.2.2.4,1.499,2.499,1.0
1.3.3.6n19,0.252,1.252,1.0
2.2.2.20,0.09,1.09,1.0
1.2.2.5,0.499,1.499,1.0
1.2.4.7,0.0,1.0,1.0
1.1.7.14,0.5810000000000001,1.5810000000000002,1.0
1.1.7.13,0.5810000000000001,1.5810000000000002,1.0
1.2.5.15,0.033,1.033,0.9999999999999999
1.3.3.4n17,0.251,1.251,0.9999999999999999
1.3.9.5,0.005,1.005,0.9999999999999999
1.3.3.5n18,0.251,1.251,0.9999999999999999
1.3.3.4,0.251,1.251,0.9999999999999999
1.3.12.25,0.026,1.0259999999999998,0.9999999999999998
2.1.5.6,5.181000000000001,6.1800000000000015,0.9990000000000006
1.4.5.12,0.408,1.4070000000000005,0.9990000000000006
2.1.5.4,2.042,3.0410000000000004,0.9990000000000006
1.4.7.11,1.558,2.5570000000000004,0.9990000000000003
1.4.5.11n43,0.742,1.7410000000000003,0.9990000000000003
1.3.6.9,0.478,1.477,0.9990000000000001
1.3.7.1,0.669,1.6680000000000001,0.9990000000000001
1.3.8.1,0.059,1.058,0.9990000000000001
1.3.7.5n20,0.33899999999999997,1.338,0.9990000000000001
1.3.8.7,0.059,1.058,0.9990000000000001
1.4.4.2,0.31,1.3090000000000002,0.9990000000000001
2.1.5.7,1.181,2.18,0.9990000000000001
1.4.4.3,0.31,1.3090000000000002,0.9990000000000001
1.4.7.12,2.0580000000000003,3.0570000000000004,0.9990000000000001
1.2.4.3,0.0,0.999,0.999
1.3.9.19,0.003,1.002,0.999
1.3.1.5,0.132,1.131,0.999
1.3.9.18,0.003,1.002,0.999
1.4.2.2n34,0.362,1.361,0.999
1.4.2.49,0.6210000000000001,1.62,0.999
1.3.13.8,0.444,1.4429999999999998,0.9989999999999999
1.3.7.8,0.006,1.005,0.9989999999999999
1.3.14.2,0.752,1.751,0.9989999999999999
1.3.14.3,0.752,1.751,0.9989999999999999
1.3.6.16,2.7310000000000003,3.73,0.9989999999999997
1.3.7.5,2.3360000000000003,3.335,0.9989999999999997
1.2.3.10,2.633,3.6319999999999997,0.9989999999999997
1.2.5.5,0.7659999999999999,1.6989999999999998,0.9329999999999999
1.2.4.14,0.0,0.918,0.918
1.2.4.26,0.25,1.166,0.9159999999999999
2.1.11.4,10.477000000000002,11.343000000000005,0.8660000000000032
1.3.15.10,0.435,1.301,0.8659999999999999
2.2.4.2,0.521,1.3869999999999998,0.8659999999999998
1.1.5.7,0.212,1.0470000000000002,0.8350000000000002
1.1.5.9,0.212,1.0470000000000002,0.8350000000000002
1.1.5.10,0.212,1.0470000000000002,0.8350000000000002
1.1.5.8,0.212,1.0470000000000002,0.8350000000000002
1.4.5.21,3.2410000000000005,4.074000000000002,0.8330000000000011
1.4.7.4,4.206,5.0390000000000015,0.8330000000000011
1.3.9.16,0.341,1.1740000000000002,0.8330000000000002
1.4.1.8,1.083,1.916,0.833
1.3.14.6,3.0970000000000004,3.93,0.8329999999999997
1.4.2.23,0.8310000000000001,1.6639999999999997,0.8329999999999996
1.3.2.10,1.0719999999999998,1.872,0.8000000000000003
1.3.2.12,0.9049999999999998,1.7049999999999996,0.7999999999999998
1.3.2.11,2.072,2.872,0.7999999999999998
1.4.7.5,3.472,4.222,0.7500000000000004
1.4.5.17,0.991,1.7410000000000003,0.7500000000000003
1.4.5.16,0.991,1.7410000000000003,0.7500000000000003
1.3.14.19,0.528,1.2780000000000002,0.7500000000000002
1.3.14.18,0.528,1.2780000000000002,0.7500000000000002
1.1.7.10,1.039,1.789,0.75
2.1.3.5,0.0,0.75,0.75
1.3.12.12,0.024,0.774,0.75
1.2.2.2n6,0.9990000000000001,1.749,0.75
1.3.14.31,9.977,10.727,0.75
2.1.3.7,0.0,0.75,0.75
2.1.3.6,0.0,0.75,0.75
1.3.12.13,0.024,0.774,0.75
1.3.12.14,0.024,0.774,0.75
1.3.14.17,1.114,1.864,0.75
1.4.4.9,0.56,1.31,0.75
2.1.4.1,0.0,0.75,0.75
1.2.2.3n7,0.9990000000000001,1.749,0.75
1.2.5.14,0.033,0.7829999999999999,0.7499999999999999
1.2.5.13,0.033,0.7829999999999999,0.7499999999999999
1.1.7.11,0.789,1.539,0.7499999999999999
1.3.13.11,0.6100000000000001,1.3599999999999997,0.7499999999999996
1.3.13.11n25,0.6100000000000001,1.3599999999999997,0.7499999999999996
2.3.1.4,3.198,3.898,0.7000000000000002
1.2.4.12,0.0,0.6679999999999999,0.6679999999999999
1.2.4.13,0.0,0.6679999999999999,0.6679999999999999
1.2.4.11,0.0,0.6679999999999999,0.6679999999999999
1.2.4.12n10,0.0,0.6679999999999999,0.6679999999999999
2.1.1.2,3.998,4.6640000000000015,0.6660000000000013
1.4.5.1,6.796,7.4620000000000015,0.6660000000000013
1.4.7.8,3.823,4.489000000000001,0.6660000000000008
2.2.4.4,1.021,1.6870000000000005,0.6660000000000006
1.4.5.12n44,0.408,1.0740000000000005,0.6660000000000006
1.2.3.11,4.252,4.918,0.6660000000000004
1.3.14.22,5.073,5.739000000000001,0.6660000000000004
1.4.5.3,11.572,12.238,0.6660000000000004
1.3.14.15,4.726,5.392,0.6660000000000004
1.2.3.11n9,1.2519999999999998,1.918,0.6660000000000001
1.3.8.5,0.059,0.7250000000000001,0.6660000000000001
1.3.12.7,0.024,0.6900000000000001,0.666
1.2.5.3,0.366,1.032,0.666
2.2.4.3,0.521,1.187,0.666
1.3.12.18,0.024,0.6900000000000001,0.666
1.3.12.21,0.024,0.6900000000000001,0.666
1.3.12.22,0.027000000000000003,0.6930000000000001,0.666
3.1.2.2,0.483,1.149,0.666
1.2.5.24,0.033,0.6990000000000001,0.666
1.1.7.16,0.7580000000000001,1.4240000000000002,0.666
1.2.1.3,1.956,2.622,0.6659999999999999
1.4.4.5,0.31,0.976,0.6659999999999999
1.3.15.11,0.335,1.001,0.6659999999999999
2.1.8.1,3.7770000000000006,4.4430000000000005,0.6659999999999999
2.1.1.3,1.665,2.331,0.6659999999999999
2.1.7.8,2.249,2.915,0.6659999999999999
1.2.4.20,0.0,0.6659999999999999,0.6659999999999999
1.2.4.25,0.0,0.6659999999999999,0.6659999999999999
2.1.11.3,2.9770000000000003,3.6430000000000002,0.6659999999999999
1.4.4.4,0.31,0.976,0.6659999999999999
1.2.4.21n11,0.0,0.6659999999999999,0.6659999999999999
1.3.6.10,0.14200000000000002,0.8079999999999999,0.6659999999999999
1.3.13.15,0.7509999999999999,1.4169999999999998,0.6659999999999999
1.3.6.14,0.475,1.1409999999999998,0.6659999999999998
1.3.6.15,0.475,1.1409999999999998,0.6659999999999998
2.1.8.2,1.61,2.276,0.6659999999999997
1.3.14.21,1.3630000000000002,2.029,0.6659999999999997
1.4.2.1,4.0280000000000005,4.694,0.6659999999999995
1.4.5.2,2.7960000000000003,3.4619999999999997,0.6659999999999995
1.3.14.14,2.7260000000000004,3.392,0.6659999999999995
1.4.7.9,3.3230000000000004,3.989,0.6659999999999995
2.1.11.2,4.643000000000002,5.308999999999998,0.6659999999999968
1.2.5.6,0.4330000000000001,1.033,0.5999999999999999
1.2.5.7,0.4330000000000001,1.033,0.5999999999999999
1.2.5.8,0.4330000000000001,1.033,0.5999999999999999
2.2.2.5,0.09,0.6729999999999999,0.583
1.3.9.1,0.409,0.992,0.583
2.2.9.11,0.0,0.583,0.583
1.2.3.8,0.7880000000000001,1.371,0.5829999999999999
App.14,3.0610000000000004,3.5619999999999994,0.500999999999999
App.15,3.0610000000000004,3.5619999999999994,0.500999999999999
App.16,4.061,4.5619999999999985,0.5009999999999986
App.12,3.5610000000000004,4.0619999999999985,0.5009999999999981
App.13,3.5610000000000004,4.0619999999999985,0.5009999999999981
1.4.5.22,0.908,1.4080000000000004,0.5000000000000003
1.4.5.22n47,0.908,1.4080000000000004,0.5000000000000003
1.3.13.19,1.198,1.6980000000000002,0.5000000000000002
1.4.2.15,0.195,0.6950000000000002,0.5000000000000002
1.4.2.17,0.195,0.6950000000000002,0.5000000000000002
1.4.2.16,0.195,0.6950000000000002,0.5000000000000002
1.2.3.1,1.4069999999999998,1.907,0.5000000000000002
2.2.2.10,0.59,1.09,0.5000000000000001
2.2.2.11,0.59,1.09,0.5000000000000001
2.2.2.12,0.9229999999999999,1.423,0.5000000000000001
1.1.3.1n3,0.125,0.625,0.5
1.1.3.3,0.125,0.625,0.5
1.4.4.8,0.56,1.06,0.5
1.2.4.5,0.0,0.5,0.5
1.4.3.10,4.781000000000001,5.281000000000001,0.5
1.2.4.6,0.0,0.5,0.5
1.1.3.2,0.125,0.625,0.5
2.2.6.1,2.167,2.667,0.5
1.2.4.9,0.0,0.5,0.5
1.4.4.7,0.56,1.06,0.5
1.3.14.11,4.08,4.58,0.5
2.2.1.9,3.62,4.12,0.5
1.3.14.4,3.761,4.261,0.5
1.3.14.12,11.29,11.79,0.5
1.2.3.2,0.40700000000000003,0.907,0.5
3.2.8.8,0.0,0.5,0.5
1.3.11.5,0.024,0.524,0.5
App.1,2.75,3.25,0.5
App.2,1.75,2.25,0.5
1.3.11.4,0.024,0.524,0.5
App.10,28.085,28.585,0.5
App.11,11.195,11.695,0.5
3.2.8.7,0.0,0.5,0.5
3.2.9.4,0.0,0.5,0.5
2.2.6.2,7.292000000000001,7.792000000000001,0.5
1.2.2.10,0.285,0.785,0.5
1.3.12.10,0.024,0.524,0.5
1.3.12.9,0.024,0.524,0.5
2.1.2.6,5.001,5.501,0.5
1.3.14.5,0.7609999999999999,1.261,0.5
1.4.5.23,2.6580000000000004,3.1580000000000004,0.5
1.3.14.12n30,10.927,11.427,0.5
2.3.1.3,2.53,3.03,0.5
3.2.10.6,0.133,0.633,0.5
1.3.14.5n28,0.7609999999999999,1.261,0.5
1.3.3.9,0.252,0.752,0.5
1.3.3.8,0.252,0.752,0.5
1.3.14.32,6.69,7.19,0.5
1.3.9.12,0.008,0.508,0.5
1.4.2.22n36,0.195,0.6950000000000001,0.5
1.4.2.14,0.195,0.6950000000000001,0.5
1.2.5.27,0.8460000000000001,1.346,0.5
1.2.5.26,6.846,7.346,0.5
2.1.2.5,8.249,8.749,0.5
1.4.2.10,0.195,0.6950000000000001,0.5
1.2.4.8,0.0,0.5,0.5
3.2.10.5,0.133,0.633,0.5
3.2.10.1,0.133,0.633,0.5
1.3.9.17,0.005,0.505,0.5
1.4.2.9n35,0.195,0.6950000000000001,0.5
1.4.4.11,0.31,0.8099999999999999,0.49999999999999994
1.3.1.2,0.146,0.6459999999999999,0.4999999999999999
1.4.2.22,0.4980000000000001,0.998,0.4999999999999999
1.3.1.3,0.146,0.6459999999999999,0.4999999999999999
1.4.7.5n52,0.997,1.4969999999999999,0.4999999999999999
1.4.7.4n51,0.997,1.4969999999999999,0.4999999999999999
2.2.2.1,1.59,2.09,0.4999999999999998
2.2.3.8,0.2,0.65,0.45
1.2.3.15,0.436,0.8859999999999999,0.4499999999999999
1.3.15.6,0.5660000000000001,0.909,0.34299999999999997
1.4.2.42,1.854999999999999,2.1879999999999997,0.33300000000000063
1.4.5.13,0.408,0.7410000000000002,0.33300000000000024
1.4.2.24,1.831,2.164,0.3330000000000002
2.2.8.4,1.0,1.3330000000000002,0.3330000000000002
1.4.2.47,3.9530000000000003,4.2860000000000005,0.3330000000000002
1.4.7.2,6.1,6.433,0.3330000000000002
3.1.2.5,2.86,3.193,0.3330000000000002
1.4.2.52,2.367,2.7,0.3330000000000002
2.1.6.7,3.8819999999999997,4.215,0.3330000000000002
1.4.2.41,0.305,0.6380000000000001,0.33300000000000013
3.1.2.3,0.483,0.8160000000000001,0.3330000000000001
2.1.9.5,0.515,0.8480000000000001,0.3330000000000001
1.2.5.4,0.366,0.6990000000000001,0.3330000000000001
3.3.4.2,0.067,0.4,0.333
1.3.11.8,0.024,0.35700000000000004,0.333
1.3.9.2,0.003,0.336,0.333
3.3.4.3,0.067,0.4,0.333
1.3.10.1,0.024,0.35700000000000004,0.333
3.3.4.2n88,0.067,0.4,0.333
3.2.11.2,0.133,0.466,0.333
3.2.11.3,0.133,0.466,0.333
2.2.8.5,0.0,0.33299999999999996,0.33299999999999996
1.3.13.16,0.221,0.5539999999999999,0.33299999999999996
3.1.1.27,0.033,0.366,0.33299999999999996
2.2.8.6,0.0,0.33299999999999996,0.33299999999999996
2.2.9.12,0.0,0.33299999999999996,0.33299999999999996
1.2.5.2,0.033,0.366,0.33299999999999996
2.2.2.7,0.09,0.423,0.33299999999999996
2.1.9.3,0.071,0.40399999999999997,0.33299999999999996
1.3.6.8,0.475,0.8079999999999999,0.33299999999999996
2.1.9.4,0.071,0.40399999999999997,0.33299999999999996
1.3.13.17,1.057,1.39,0.33299999999999996
3.1.2.7,0.8600000000000001,1.193,0.33299999999999996
3.2.11.4,1.133,1.466,0.33299999999999996
1.3.14.7n29,1.719,2.052,0.33299999999999996
2.2.8.11,0.0,0.33299999999999996,0.33299999999999996
2.2.8.12,0.0,0.33299999999999996,0.33299999999999996
2.2.8.13,0.0,0.33299999999999996,0.33299999999999996
1.4.2.51,0.34299999999999997,0.6759999999999999,0.33299999999999996
2.3.1.10,1.9469999999999998,2.28,0.33299999999999996
3.1.2.6,0.8600000000000001,1.193,0.33299999999999996
2.2.9.13,0.0,0.33299999999999996,0.33299999999999996
2.2.2.24,0.09,0.423,0.33299999999999996
1.4.5.20n46,1.7410000000000003,2.0740000000000003,0.33299999999999996
3.1.2.1,0.083,0.416,0.33299999999999996
2.2.2.22,0.09,0.423,0.33299999999999996
2.2.2.23,0.09,0.423,0.33299999999999996
2.2.2.6,0.09,0.423,0.33299999999999996
2.3.1.11,0.614,0.947,0.33299999999999996
2.3.1.12,0.614,0.947,0.33299999999999996
1.4.1.7,1.083,1.416,0.33299999999999996
2.1.5.2,0.765,1.0979999999999999,0.33299999999999985
1.3.13.14,0.6370000000000001,0.97,0.33299999999999985
1.2.3.9,0.7520000000000001,1.085,0.33299999999999985
3.3.2.6,0.6440000000000001,0.977,0.33299999999999985
3.3.2.7,0.6440000000000001,0.977,0.33299999999999985
2.1.5.1,0.765,1.0979999999999999,0.33299999999999985
1.3.9.15,1.336,1.6689999999999998,0.33299999999999974
2.1.6.9,3.591,3.924,0.33299999999999974
2.1.6.8,3.257000000000001,3.5900000000000007,0.33299999999999974
3.3.2.8,5.143000000000002,5.476000000000001,0.3329999999999993
1.4.7.3,6.433000000000002,6.766000000000001,0.3329999999999993
Abs26,2.1770000000000005,2.51,0.3329999999999993
Abs27,2.1770000000000005,2.51,0.3329999999999993
Abs28,11.944,12.277,0.3329999999999984
1.4.2.4,1.5699999999999996,1.82,0.25000000000000044
1.4.5.8,0.908,1.1580000000000004,0.25000000000000033
1.4.5.9,0.908,1.1580000000000004,0.25000000000000033
1.3.8.17,1.128,1.3780000000000001,0.2500000000000002
1.4.3.8,1.6969999999999998,1.947,0.2500000000000002
1.4.3.7,1.6969999999999998,1.947,0.2500000000000002
1.3.13.6,0.35999999999999993,0.6100000000000001,0.25000000000000017
1.3.13.5n24,0.35999999999999993,0.6100000000000001,0.25000000000000017
1.4.7.7n53,0.599,0.8490000000000001,0.2500000000000001
1.4.4.10,0.31,0.56,0.25000000000000006
1.4.4.13,0.31,0.56,0.25000000000000006
1.4.4.11n42,0.31,0.56,0.25000000000000006
2.1.3.3,2.125,2.375,0.25
2.2.9.8,0.25,0.5,0.25
2.2.9.9,0.0,0.25,0.25
2.2.2.4,0.09,0.34,0.25
2.2.2.3,0.09,0.34,0.25
2.2.2.2,0.09,0.34,0.25
2.1.10.9n57,0.75,1.0,0.25
2.1.10.9,0.875,1.125,0.25
2.1.10.8,0.25,0.5,0.25
2.1.10.7,1.5,1.75,0.25
2.1.6.2n55,0.966,1.216,0.25
2.2.3.5,0.867,1.117,0.25
2.2.3.6,0.2,0.45,0.25
2.2.3.7,0.2,0.45,0.25
2.1.6.4,2.0909999999999997,2.3409999999999997,0.25
2.1.6.3,0.966,1.216,0.25
2.1.6.2,1.577,1.827,0.25
2.2.9.10,0.0,0.25,0.25
2.1.3.4,1.625,1.875,0.25
1.3.16.5,0.132,0.382,0.25
2.1.3.2,3.125,3.375,0.25
1.4.3.6,3.614,3.864,0.25
1.3.14.25,2.83,3.08,0.25
1.2.3.12,0.40700000000000003,0.657,0.25
1.4.2.5,1.0699999999999998,1.3199999999999998,0.25
1.2.3.13,0.40700000000000003,0.657,0.25
1.2.4.27,0.25,0.5,0.25
1.2.3.7n8,0.40700000000000003,0.657,0.25
1.2.4.15,0.0,0.25,0.25
1.2.4.16,0.0,0.25,0.25
1.2.4.17,0.33299999999999996,0.583,0.25
1.3.16.6,0.132,0.382,0.25
1.3.16.4,0.132,0.382,0.25
1.3.14.26,6.731000000000001,6.981000000000001,0.25
1.3.14.28,4.0230000000000015,4.2730000000000015,0.25
1.3.14.29,5.622000000000001,5.872000000000001,0.25
1.3.14.30,1.6219999999999999,1.8719999999999999,0.25
1.2.5.18,0.033,0.28300000000000003,0.25
1.2.5.17,0.033,0.28300000000000003,0.25
1.2.5.16,0.033,0.28300000000000003,0.25
1.3.14.25n32,2.83,3.08,0.25
1.3.14.24,6.040000000000001,6.290000000000001,0.25
1.2.3.14,0.40700000000000003,0.657,0.25
1.4.4.12,1.31,1.56,0.25
1.2.3.7,0.40700000000000003,0.657,0.25
1.3.8.16,4.128,4.378,0.25
1.3.9.7,0.003,0.253,0.25
1.3.9.8,0.003,0.253,0.25
1.4.7.7,2.199,2.449,0.25
1.2.4.28,0.25,0.5,0.25
1.4.4.14,1.31,1.56,0.25
2.1.3.1,1.625,1.875,0.25
1.4.7.6,0.6990000000000001,0.949,0.2499999999999999
3.3.1.6,0.893,1.0930000000000002,0.20000000000000018
3.3.1.4,0.893,1.0930000000000002,0.20000000000000018
2.1.11.5,7.644000000000001,7.844000000000001,0.20000000000000018
3.3.1.5,0.893,1.0930000000000002,0.20000000000000018
3.3.1.7,0.893,1.0930000000000002,0.20000000000000018
1.2.3.17,0.4,0.6000000000000001,0.20000000000000007
2.3.1.8,0.531,0.7310000000000001,0.20000000000000007
1.2.3.16,0.4,0.6000000000000001,0.20000000000000007
2.2.12.6,0.12,0.32,0.2
1.3.15.9,0.35200000000000004,0.552,0.2
1.3.15.7,0.35200000000000004,0.552,0.2
2.2.3.9,0.2,0.4,0.2
2.2.3.10,0.2,0.4,0.2
2.2.12.4,0.12,0.32,0.2
2.2.12.8,0.12,0.32,0.2
2.2.12.5,0.12,0.32,0.2
1.3.15.8,0.35200000000000004,0.552,0.2
2.2.12.7,0.12,0.32,0.2
1.2.4.1,0.028999999999999998,0.22899999999999998,0.19999999999999998
2.3.1.7,0.198,0.39799999999999996,0.19999999999999996
2.3.1.5,0.198,0.39799999999999996,0.19999999999999996
2.3.1.6,0.198,0.39799999999999996,0.19999999999999996
2.2.4.1,0.077,0.27699999999999997,0.19999999999999996
1.3.2.15,0.23800000000000002,0.43799999999999994,0.19999999999999993
1.3.2.16,0.23800000000000002,0.43799999999999994,0.19999999999999993
1.3.2.14,0.23800000000000002,0.43799999999999994,0.19999999999999993
3.3.1.3,2.8930000000000002,3.093,0.19999999999999973
2.1.11.6n58,3.644000000000001,3.844,0.19999999999999885
2.1.11.6,3.644000000000001,3.844,0.19999999999999885
2.1.11.7,5.644000000000001,5.843999999999999,0.1999999999999984
1.2.6.6n13,0.987,1.1540000000000001,0.16700000000000015
1.2.6.6,0.987,1.1540000000000001,0.16700000000000015
1.2.6.7,0.987,1.1540000000000001,0.16700000000000015
1.2.6.5,1.9869999999999999,2.154,0.16700000000000004
2.2.3.1,0.2,0.343,0.14300000000000002
2.2.2.28n63,0.09,0.233,0.14300000000000002
2.2.2.28,0.09,0.233,0.14300000000000002
2.2.2.28n61,0.09,0.233,0.14300000000000002
2.2.2.28n60,0.09,0.233,0.14300000000000002
2.2.2.28n62,0.09,0.233,0.14300000000000002
2.2.2.28n64,0.09,0.233,0.14300000000000002
1.3.15.4,0.466,0.609,0.14299999999999996
1.3.15.1n33,0.466,0.609,0.14299999999999996
1.3.15.1,0.466,0.609,0.14299999999999996
1.3.15.2,0.466,0.609,0.14299999999999996
1.3.15.3,0.466,0.609,0.14299999999999996
1.3.15.5,0.466,0.609,0.14299999999999996
3.2.6.5,0.0,0.0,0.0
3.2.6.3,0.0,0.0,0.0
3.2.6.2,0.75,0.75,0.0
2.3.10.12,0.198,0.198,0.0
3.2.6.4,0.0,0.0,0.0
3.2.6.1,0.75,0.75,0.0
2.3.10.6,0.365,0.365,0.0
3.2.6.6,0.0,0.0,0.0
3.2.6.7,0.0,0.0,0.0
3.2.3.n71a,0.11199999999999999,0.11199999999999999,0.0
2.3.10.7,0.365,0.365,0.0
3.1.1.2,1.2830000000000001,1.2830000000000001,0.0
3.2.6.8,0.0,0.0,0.0
2.3.10.11,0.3230000000000001,0.3230000000000001,0.0
2.3.10.10,0.3230000000000001,0.3230000000000001,0.0
2.3.10.9,0.8230000000000001,0.8230000000000001,0.0
3.2.6.9,0.0,0.0,0.0
3.2.6.10,0.0,0.0,0.0
3.2.6.11,0.0,0.0,0.0
3.2.7.1,0.0,0.0,0.0
2.3.10.8,0.99,0.99,0.0
3.1.1.5,0.233,0.233,0.0
3.1.1.1,2.283,2.283,0.0
3.2.5.2,0.0,0.0,0.0
3.2.5.14n78,0.0,0.0,0.0
3.2.5.4n77,0.33299999999999996,0.33299999999999996,0.0
3.2.5.4,0.33299999999999996,0.33299999999999996,0.0
3.1.1.3,0.28300000000000003,0.28300000000000003,0.0
3.2.5.1,0.0,0.0,0.0
3.1.1.6,0.233,0.233,0.0
3.2.5.5,0.0,0.0,0.0
3.2.4.1,0.0,0.0,0.0
3.2.3.11n76,0.11199999999999999,0.11199999999999999,0.0
3.2.3.10n75,0.11199999999999999,0.11199999999999999,0.0
3.2.5.6,0.0,0.0,0.0
3.2.5.7,0.0,0.0,0.0
3.2.5.8,0.0,0.0,0.0
3.2.5.9,0.0,0.0,0.0
3.2.5.10,0.0,0.0,0.0
3.2.5.11,0.0,0.0,0.0
3.2.5.12,0.0,0.0,0.0
3.2.5.13,0.0,0.0,0.0
3.2.5.14,0.0,0.0,0.0
3.1.1.4,0.483,0.483,0.0
3.2.3.9n74,0.11199999999999999,0.11199999999999999,0.0
3.2.3.7n73,0.11199999999999999,0.11199999999999999,0.0
3.2.3.6n72,0.11199999999999999,0.11199999999999999,0.0
3.2.5.3,0.33299999999999996,0.33299999999999996,0.0
3.2.5.15,0.0,0.0,0.0
3.2.4.2,0.0,0.0,0.0
3.2.3.4n71,0.11199999999999999,0.11199999999999999,0.0
3.1.1.7,0.233,0.233,0.0
3.1.1.8,0.483,0.483,0.0
3.2.1.14,0.38299999999999995,0.38299999999999995,0.0
3.1.1.25,1.1989999999999998,1.1989999999999998,0.0
3.2.1.15,0.38299999999999995,0.38299999999999995,0.0
3.2.1.16,0.133,0.133,0.0
3.2.1.17,0.133,0.133,0.0
3.1.1.24,0.11599999999999999,0.11599999999999999,0.0
3.1.1.23,0.033,0.033,0.0
3.2.1.18,0.258,0.258,0.0
3.2.1.19,0.258,0.258,0.0
3.2.7.3,0.0,0.0,0.0
3.2.2.1,0.341,0.341,0.0
3.2.2.2,0.341,0.341,0.0
3.2.2.3,0.21600000000000003,0.21600000000000003,0.0
3.2.2.4,1.716,1.716,0.0
3.2.2.5,1.716,1.716,0.0
3.2.2.6,0.21600000000000003,0.21600000000000003,0.0
3.2.2.7,0.21600000000000003,0.21600000000000003,0.0
3.2.2.8,0.716,0.716,0.0
3.2.2.9,0.716,0.716,0.0
3.1.1.26,0.11599999999999999,0.11599999999999999,0.0
3.1.1.8n67,0.28300000000000003,0.28300000000000003,0.0
3.2.1.13,0.38299999999999995,0.38299999999999995,0.0
3.1.2.10,0.133,0.133,0.0
3.2.1.5,0.133,0.133,0.0
3.2.1.4,0.133,0.133,0.0
3.2.1.3,0.5770000000000001,0.5770000000000001,0.0
3.2.1.2,1.577,1.577,0.0
3.2.1.6,0.133,0.133,0.0
3.2.1.1,0.5770000000000001,0.5770000000000001,0.0
3.1.2.9n70,0.133,0.133,0.0
3.1.2.11,0.133,0.133,0.0
3.1.2.9,0.133,0.133,0.0
3.2.1.12,0.883,0.883,0.0
3.1.2.8,0.083,0.083,0.0
3.1.1.19n69,0.07500000000000001,0.07500000000000001,0.0
3.2.1.7,0.799,0.799,0.0
3.2.1.8,0.799,0.799,0.0
3.2.1.9,0.799,0.799,0.0
3.2.1.10,0.133,0.133,0.0
3.2.1.11,0.633,0.633,0.0
3.1.1.15n68,0.11599999999999999,0.11599999999999999,0.0
3.2.2.10,0.716,0.716,0.0
3.2.2.11,1.716,1.716,0.0
3.2.2.12,0.5489999999999999,0.5489999999999999,0.0
3.1.1.18,0.07500000000000001,0.07500000000000001,0.0
3.2.3.5,0.11199999999999999,0.11199999999999999,0.0
3.2.3.6,0.11199999999999999,0.11199999999999999,0.0
3.2.3.7,0.11199999999999999,0.11199999999999999,0.0
3.2.3.8,0.11199999999999999,0.11199999999999999,0.0
3.2.3.9,0.11199999999999999,0.11199999999999999,0.0
3.1.1.19,1.117,1.117,0.0
3.2.3.10,0.11199999999999999,0.11199999999999999,0.0
3.2.3.11,0.11199999999999999,0.11199999999999999,0.0
3.1.1.17,0.07500000000000001,0.07500000000000001,0.0
3.2.3.3,0.11199999999999999,0.11199999999999999,0.0
3.1.1.16,0.07500000000000001,0.07500000000000001,0.0
3.1.1.15,1.116,1.116,0.0
3.1.1.14,0.08900000000000001,0.08900000000000001,0.0
3.1.1.13,1.089,1.089,0.0
3.1.1.12,0.08900000000000001,0.08900000000000001,0.0
3.1.1.11,0.033,0.033,0.0
3.1.1.10,0.28300000000000003,0.28300000000000003,0.0
3.1.1.9,1.2830000000000001,1.2830000000000001,0.0
3.2.3.4,0.11199999999999999,0.11199999999999999,0.0
3.2.3.2,0.11199999999999999,0.11199999999999999,0.0
3.2.2.13,0.5489999999999999,0.5489999999999999,0.0
3.2.2.22,2.049,2.049,0.0
3.2.2.14,0.5489999999999999,0.5489999999999999,0.0
3.2.2.15,0.21600000000000003,0.21600000000000003,0.0
3.2.2.16,0.21600000000000003,0.21600000000000003,0.0
3.2.2.17,0.21600000000000003,0.21600000000000003,0.0
3.2.2.18,0.21600000000000003,0.21600000000000003,0.0
3.2.2.19,0.21600000000000003,0.21600000000000003,0.0
3.2.2.20,0.21600000000000003,0.21600000000000003,0.0
3.2.2.21,0.716,0.716,0.0
3.2.2.23,0.5489999999999999,0.5489999999999999,0.0
3.2.3.1,0.11199999999999999,0.11199999999999999,0.0
3.2.2.24,1.882,1.882,0.0
3.2.2.25,0.5489999999999999,0.5489999999999999,0.0
3.1.1.22,0.033,0.033,0.0
3.1.1.21,0.07500000000000001,0.07500000000000001,0.0
3.1.1.20,0.07500000000000001,0.07500000000000001,0.0
3.2.2.26,0.5489999999999999,0.5489999999999999,0.0
3.2.2.27,0.21600000000000003,0.21600000000000003,0.0
3.2.2.28,0.21600000000000003,0.21600000000000003,0.0
3.2.7.2,0.0,0.0,0.0
0.1,0.0,0.0,0.0
3.2.7.4,0.0,0.0,0.0
3.3.5.4,0.0,0.0,0.0
3.3.4.10,0.067,0.067,0.0
3.3.4.11,0.067,0.067,0.0
3.3.4.12,0.067,0.067,0.0
3.3.4.13,0.067,0.067,0.0
3.3.4.14,0.245,0.245,0.0
3.3.5.1,2.178,2.178,0.0
3.3.5.2,0.17800000000000002,0.17800000000000002,0.0
3.3.5.3,0.0,0.0,0.0
3.3.5.5,0.1,0.1,0.0
3.2.7.5,0.33299999999999996,0.33299999999999996,0.0
3.3.5.6,0.1,0.1,0.0
3.3.6.1,0.5,0.5,0.0
3.3.6.2,0.5,0.5,0.0
3.3.6.3,0.0,0.0,0.0
3.3.6.4,0.33299999999999996,0.33299999999999996,0.0
3.3.6.5,0.33299999999999996,0.33299999999999996,0.0
3.3.6.6,3.333,3.333,0.0
App.3,0.0,0.0,0.0
3.3.4.9,0.067,0.067,0.0
3.3.4.8,0.067,0.067,0.0
3.3.4.7,0.067,0.067,0.0
3.3.4.6,0.067,0.067,0.0
3.3.2.17,0.39399999999999996,0.39399999999999996,0.0
3.3.2.4n84,0.14400000000000002,0.14400000000000002,0.0
3.3.2.5n85,0.14400000000000002,0.14400000000000002,0.0
3.3.2.6n86,0.14400000000000002,0.14400000000000002,0.0
3.3.2.17n87,0.39399999999999996,0.39399999999999996,0.0
3.3.3.1,0.6940000000000001,0.6940000000000001,0.0
3.3.3.2,0.6940000000000001,0.6940000000000001,0.0
3.3.3.3,0.444,0.444,0.0
3.3.3.4,0.444,0.444,0.0
3.3.3.5,0.444,0.444,0.0
3.3.3.6,0.444,0.444,0.0
3.3.3.7,0.444,0.444,0.0
3.3.3.8,0.777,0.777,0.0
3.3.3.9,1.777,1.777,0.0
3.3.4.1,0.4,0.4,0.0
3.3.4.4,0.067,0.067,0.0
3.3.4.5,0.067,0.067,0.0
App.4,0.0,0.0,0.0
App.5,0.0,0.0,0.0
App.6,0.0,0.0,0.0
Abs13,0.0,0.0,0.0
Abs15,0.0,0.0,0.0
Abs16,0.0,0.0,0.0
Abs17,0.0,0.0,0.0
Abs18,0.0,0.0,0.0
Abs19,0.0,0.0,0.0
Abs20,0.0,0.0,0.0
Abs21,0.0,0.0,0.0
Abs22,0.0,0.0,0.0
Abs23,0.0,0.0,0.0
Abs24,0.0,0.0,0.0
Abs25,0.0,0.0,0.0
Abs29,3.2670000000000003,3.2670000000000003,0.0
Abs30,0.5,0.5,0.0
Abs31,0.0,0.0,0.0
Abs32,0.0,0.0,0.0
Abs33,0.0,0.0,0.0
Abs34,0.0,0.0,0.0
Abs14,0.0,0.0,0.0
Abs12,0.0,0.0,0.0
App.7,0.0,0.0,0.0
Abs11,0.33299999999999996,0.33299999999999996,0.0
App.8,0.0,0.0,0.0
App.9,0.0,0.0,0.0
2.3.10.4,0.198,0.198,0.0
Absi,0.0,0.0,0.0
Absii,0.0,0.0,0.0
Absiii,0.0,0.0,0.0
Absiv,0.0,0.0,0.0
Abs1,0.5,0.5,0.0
Abs2,0.5,0.5,0.0
Abs3,0.5,0.5,0.0
Abs4,0.8340000000000001,0.8340000000000001,0.0
Abs5,0.33399999999999996,0.33399999999999996,0.0
Abs6,3.834,3.834,0.0
Abs7,1.834,1.834,0.0
Abs8,0.33399999999999996,0.33399999999999996,0.0
Abs9,0.667,0.667,0.0
Abs10,0.33299999999999996,0.33299999999999996,0.0
3.3.2.16,0.14400000000000002,0.14400000000000002,0.0
3.3.2.15,0.14400000000000002,0.14400000000000002,0.0
3.3.2.14,0.14400000000000002,0.14400000000000002,0.0
3.2.10.8,0.133,0.133,0.0
3.2.10.10,0.133,0.133,0.0
3.2.10.11,0.133,0.133,0.0
3.2.10.12,0.133,0.133,0.0
3.2.10.13,0.133,0.133,0.0
3.2.10.14,0.133,0.133,0.0
3.2.10.15,0.133,0.133,0.0
3.2.10.16,0.133,0.133,0.0
3.2.10.17,0.133,0.133,0.0
3.2.10.18,0.133,0.133,0.0
3.2.10.19,0.133,0.133,0.0
3.2.10.8n81,0.133,0.133,0.0
3.2.10.9n82,0.133,0.133,0.0
3.2.11.1,0.133,0.133,0.0
3.2.11.5,1.133,1.133,0.0
3.2.12.1,0.133,0.133,0.0
3.2.12.2,0.133,0.133,0.0
3.2.12.3,0.133,0.133,0.0
3.2.10.9,0.133,0.133,0.0
3.2.10.7,0.133,0.133,0.0
3.2.12.5,0.133,0.133,0.0
3.2.10.4,0.133,0.133,0.0
3.2.7.6,0.33299999999999996,0.33299999999999996,0.0
3.2.7.7,0.833,0.833,0.0
3.2.7.8,0.5,0.5,0.0
3.2.8.1,0.5,0.5,0.0
3.2.8.2,0.5,0.5,0.0
3.2.8.3,0.0,0.0,0.0
3.2.8.4,0.5,0.5,0.0
3.2.8.5,0.5,0.5,0.0
3.2.8.6,0.0,0.0,0.0
3.2.8.9,0.5,0.5,0.0
3.2.8.5n79,0.0,0.0,0.0
3.2.8.8n80,0.0,0.0,0.0
3.2.9.1,0.0,0.0,0.0
3.2.9.2,0.5,0.5,0.0
3.2.9.3,0.5,0.5,0.0
3.2.10.2,0.133,0.133,0.0
3.2.10.3,0.633,0.633,0.0
3.2.12.4,0.133,0.133,0.0
3.2.12.6,0.133,0.133,0.0
3.3.2.13,0.14400000000000002,0.14400000000000002,0.0
3.3.1.23,0.6859999999999999,0.6859999999999999,0.0
3.3.1.25,0.519,0.519,0.0
3.3.1.26,1.5190000000000001,1.5190000000000001,0.0
3.3.1.27,0.519,0.519,0.0
3.3.1.28,0.18600000000000003,0.18600000000000003,0.0
3.3.1.29,0.18600000000000003,0.18600000000000003,0.0
3.3.1.30,0.6859999999999999,0.6859999999999999,0.0
3.3.1.31,0.6859999999999999,0.6859999999999999,0.0
3.3.1.8n83,0.4360000000000001,0.4360000000000001,0.0
3.3.2.1,1.7440000000000002,1.7440000000000002,0.0
3.3.2.2,0.7440000000000001,0.7440000000000001,0.0
3.3.2.3,0.14400000000000002,0.14400000000000002,0.0
3.3.2.4,0.14400000000000002,0.14400000000000002,0.0
3.3.2.5,0.14400000000000002,0.14400000000000002,0.0
3.3.2.9,2.6430000000000002,2.6430000000000002,0.0
3.3.2.10,3.6430000000000007,3.6430000000000007,0.0
3.3.2.11,0.14400000000000002,0.14400000000000002,0.0
3.3.2.12,0.14400000000000002,0.14400000000000002,0.0
3.3.1.24,0.18600000000000003,0.18600000000000003,0.0
3.3.1.22,0.6859999999999999,0.6859999999999999,0.0
3.2.12.7,0.133,0.133,0.0
3.3.1.21,0.18600000000000003,0.18600000000000003,0.0
3.2.12.8,0.133,0.133,0.0
3.2.12.9,0.133,0.133,0.0
3.3.1.1,0.18600000000000003,0.18600000000000003,0.0
3.3.1.2,0.18600000000000003,0.18600000000000003,0.0
3.3.1.8,0.4360000000000001,0.4360000000000001,0.0
3.3.1.9,0.4360000000000001,0.4360000000000001,0.0
3.3.1.10,0.4360000000000001,0.4360000000000001,0.0
3.3.1.11,0.18600000000000003,0.18600000000000003,0.0
3.3.1.12,1.0190000000000001,1.0190000000000001,0.0
3.3.1.13,1.0190000000000001,1.0190000000000001,0.0
3.3.1.14,4.369,4.369,0.0
3.3.1.15,5.103999999999999,5.103999999999999,0.0
3.3.1.16,1.754,1.754,0.0
3.3.1.17,1.254,1.254,0.0
3.3.1.18,0.253,0.253,0.0
3.3.1.19,0.253,0.253,0.0
3.3.1.20,0.253,0.253,0.0
2.3.10.5,0.198,0.198,0.0
2.1.9.8,0.071,0.071,0.0
2.3.10.3,0.198,0.198,0.0
2.1.7.6,1.36,1.36,0.0
2.1.10.5,0.16699999999999998,0.16699999999999998,0.0
2.1.10.6,0.417,0.417,0.0
2.1.10.10,1.375,1.375,0.0
2.1.10.11,0.375,0.375,0.0
2.1.10.12,1.541,1.541,0.0
2.1.11.1,1.31,1.31,0.0
2.1.11.10,0.14400000000000002,0.14400000000000002,0.0
2.1.11.11,0.14400000000000002,0.14400000000000002,0.0
2.1.11.12,0.34400000000000003,0.34400000000000003,0.0
2.1.11.13,0.34400000000000003,0.34400000000000003,0.0
2.1.11.14,0.544,0.544,0.0
2.1.11.15,0.544,0.544,0.0
2.1.11.16,0.8780000000000001,0.8780000000000001,0.0
2.1.11.17,0.6780000000000002,0.6780000000000002,0.0
2.1.11.18,0.6780000000000002,0.6780000000000002,0.0
2.1.11.19,0.14400000000000002,0.14400000000000002,0.0
2.1.11.9n59,0.6440000000000001,0.6440000000000001,0.0
2.1.12.1,0.222,0.222,0.0
2.1.12.2,1.722,1.722,0.0
2.1.10.4,2.5009999999999994,2.5009999999999994,0.0
2.1.10.3,0.33399999999999996,0.33399999999999996,0.0
2.1.10.2,1.834,1.834,0.0
2.1.9.2,1.071,1.071,0.0
2.1.8.3,0.722,0.722,0.0
2.1.8.4,0.222,0.222,0.0
2.1.8.5,0.222,0.222,0.0
2.1.8.6,0.111,0.111,0.0
2.1.8.7,0.611,0.611,0.0
2.1.8.8,3.9419999999999997,3.9419999999999997,0.0
2.1.8.9,2.4419999999999997,2.4419999999999997,0.0
2.1.9.1,3.4019999999999997,3.4019999999999997,0.0
2.1.9.6,0.515,0.515,0.0
2.1.10.1,0.75,0.75,0.0
2.1.9.7,0.515,0.515,0.0
0.2,0.0,0.0,0.0
2.1.9.9,0.071,0.071,0.0
2.1.9.10,0.071,0.071,0.0
2.1.9.11,0.071,0.071,0.0
2.1.9.12,0.071,0.071,0.0
2.1.9.13,0.071,0.071,0.0
2.1.9.13n56,0.071,0.071,0.0
2.1.12.3,0.722,0.722,0.0
2.1.12.4,0.722,0.722,0.0
2.1.12.5,0.722,0.722,0.0
2.2.5.1,0.0,0.0,0.0
2.2.4.6,0.41,0.41,0.0
2.2.4.7,1.41,1.41,0.0
2.2.4.8,0.41,0.41,0.0
2.2.4.9,0.077,0.077,0.0
2.2.4.10,0.077,0.077,0.0
2.2.4.11,0.077,0.077,0.0
2.2.4.12,0.077,0.077,0.0
2.2.4.13,0.077,0.077,0.0
2.2.5.2,0.0,0.0,0.0
2.2.3.4,1.2000000000000002,1.2000000000000002,0.0
2.2.5.3,0.0,0.0,0.0
2.2.5.4,0.0,0.0,0.0
2.2.5.5,0.0,0.0,0.0
2.2.5.6,0.0,0.0,0.0
2.2.5.7,0.0,0.0,0.0
2.2.5.8,0.0,0.0,0.0
2.2.5.9,0.0,0.0,0.0
2.2.5.10,0.0,0.0,0.0
2.2.4.5,0.5770000000000001,0.5770000000000001,0.0
2.2.3.3,0.5329999999999999,0.5329999999999999,0.0
2.1.12.6,0.222,0.222,0.0
2.2.1.6,0.12,0.12,0.0
2.1.12.7,0.222,0.222,0.0
2.1.12.8,0.222,0.222,0.0
2.1.12.9,0.222,0.222,0.0
2.2.1.1,4.12,4.12,0.0
2.2.1.2,4.12,4.12,0.0
2.2.1.3,0.12,0.12,0.0
2.2.1.4,0.12,0.12,0.0
2.2.1.5,1.12,1.12,0.0
2.2.1.7,0.12,0.12,0.0
2.2.3.2,0.5329999999999999,0.5329999999999999,0.0
2.2.1.8,0.12,0.12,0.0
2.2.2.8,0.09,0.09,0.0
2.2.2.13,1.423,1.423,0.0
2.2.2.18,0.424,0.424,0.0
2.2.2.21,0.09,0.09,0.0
2.2.2.25,0.09,0.09,0.0
2.2.2.26,0.09,0.09,0.0
2.2.2.27,0.09,0.09,0.0
2.1.7.7,1.5830000000000002,1.5830000000000002,0.0
2.1.7.5,1.0270000000000001,1.0270000000000001,0.0
2.2.5.12,0.0,0.0,0.0
2.1.7.4,2.7769999999999997,2.7769999999999997,0.0
1.3.12.23n23,0.024,0.024,0.0
1.3.13.18,0.943,0.943,0.0
1.3.13.17n26,0.943,0.943,0.0
1.3.14.10,4.03,4.03,0.0
1.3.14.16,3.111,3.111,0.0
1.3.14.23,3.043,3.043,0.0
1.3.14.27,7.8450000000000015,7.8450000000000015,0.0
1.3.14.33,2.335,2.335,0.0
1.3.14.34,2.335,2.335,0.0
1.3.14.17n31,1.111,1.111,0.0
1.3.16.7,0.132,0.132,0.0
1.3.16.8,0.132,0.132,0.0
1.4.1.1,0.083,0.083,0.0
1.4.1.2,0.083,0.083,0.0
1.4.1.3,0.083,0.083,0.0
1.4.1.4,0.083,0.083,0.0
1.4.2.30,2.9819999999999998,2.9819999999999998,0.0
1.4.2.31,5.791,5.791,0.0
1.4.2.53,1.6759999999999993,1.6759999999999993,0.0
1.3.10.12,0.384,0.384,0.0
1.3.10.11,2.3840000000000003,2.3840000000000003,0.0
1.3.9.11,0.003,0.003,0.0
0.7n1,3.625,3.625,0.0
0.3,0.999,0.999,0.0
0.4,0.999,0.999,0.0
0.5,1.8319999999999999,1.8319999999999999,0.0
0.6,0.833,0.833,0.0
0.7,4.458,4.458,0.0
0.8,3.625,3.625,0.0
0.9,4.625,4.625,0.0
0.10,5.0,5.0,0.0
1.1.7.7n5,2.05,2.05,0.0
1.3.8.5n21,0.055999999999999994,0.055999999999999994,0.0
1.2.4.18,0.33299999999999996,0.33299999999999996,0.0
1.2.4.19,0.33299999999999996,0.33299999999999996,0.0
1.2.4.31,0.75,0.75,0.0
1.2.5.26n12,1.7830000000000001,1.7830000000000001,0.0
1.3.5.4,0.0,0.0,0.0
1.3.5.5,0.0,0.0,0.0
1.3.7.6,0.003,0.003,0.0
1.3.7.7,0.0,0.0,0.0
1.4.2.54,2.176,2.176,0.0
1.4.2.55,3.899000000000001,3.899000000000001,0.0
1.4.2.32n38,2.127,2.127,0.0
2.1.5.9,0.765,0.765,0.0
1.4.7.14,5.724,5.724,0.0
1.4.7.15,0.7240000000000001,0.7240000000000001,0.0
2.1.1.1,1.3330000000000002,1.3330000000000002,0.0
2.1.1.1n54,0.33299999999999996,0.33299999999999996,0.0
2.1.2.4,3.582,3.582,0.0
2.1.4.2,0.6659999999999999,0.6659999999999999,0.0
2.1.4.3,3.666,3.666,0.0
2.1.5.8,0.182,0.182,0.0
2.1.5.10,0.765,0.765,0.0
1.4.7.1,6.659,6.659,0.0
2.1.5.11,3.3760000000000003,3.3760000000000003,0.0
2.1.6.1,0.7020000000000001,0.7020000000000001,0.0
2.1.6.5,1.216,1.216,0.0
2.1.6.6,1.216,1.216,0.0
2.1.6.10,0.425,0.425,0.0
2.1.7.1,2.334,2.334,0.0
2.1.7.2,2.0,2.0,0.0
2.1.7.3,1.0,1.0,0.0
1.4.7.13,4.724,4.724,0.0
1.4.6.23,10.372000000000003,10.372000000000003,0.0
1.4.2.37n40,0.561,0.561,0.0
1.4.5.27,1.9080000000000001,1.9080000000000001,0.0
1.4.2.55n41,1.2990000000000002,1.2990000000000002,0.0
1.4.3.5,4.781000000000001,4.781000000000001,0.0
1.4.4.15,1.31,1.31,0.0
1.4.5.4,5.184,5.184,0.0
1.4.5.5,11.684000000000001,11.684000000000001,0.0
1.4.5.24,1.158,1.158,0.0
1.4.5.25,1.158,1.158,0.0
1.4.5.26,1.6580000000000001,1.6580000000000001,0.0
1.4.5.28,0.408,0.408,0.0
1.4.6.22,12.484000000000002,12.484000000000002,0.0
1.4.5.29,0.605,0.605,0.0
1.4.5.30,6.65,6.65,0.0
1.4.5.31,4.15,4.15,0.0
1.4.5.32,5.6880000000000015,5.6880000000000015,0.0
1.4.5.33,5.9910000000000005,5.9910000000000005,0.0
1.4.5.34,1.9910000000000003,1.9910000000000003,0.0
1.4.5.30n48,0.605,0.605,0.0
1.4.5.31n49,1.1050000000000002,1.1050000000000002,0.0
2.2.5.11,0.0,0.0,0.0
2.2.5.13,0.0,0.0,0.0
2.3.10.2,0.4480000000000001,0.4480000000000001,0.0
2.3.3.5,3.266,3.266,0.0
2.3.6.4,0.0,0.0,0.0
2.3.6.5,0.0,0.0,0.0
2.3.6.6,0.0,0.0,0.0
2.3.6.7,0.501,0.501,0.0
2.3.6.8,0.501,0.501,0.0
2.3.6.9,0.501,0.501,0.0
2.3.6.10,0.501,0.501,0.0
2.3.6.4n66,0.0,0.0,0.0
2.3.7.1,3.5009999999999994,3.5009999999999994,0.0
2.3.7.2,0.501,0.501,0.0
2.3.7.3,0.0,0.0,0.0
2.3.7.4,0.0,0.0,0.0
2.3.7.5,0.0,0.0,0.0
2.3.7.6,0.0,0.0,0.0
2.3.7.7,0.0,0.0,0.0
2.3.7.8,0.0,0.0,0.0
2.3.7.9,0.0,0.0,0.0
2.3.8.1,0.0,0.0,0.0
2.3.8.2,0.0,0.0,0.0
2.3.6.3,0.0,0.0,0.0
2.3.6.2,0.0,0.0,0.0
2.3.6.1,0.0,0.0,0.0
2.3.4.5,0.0,0.0,0.0
2.3.3.7,3.1,3.1,0.0
2.3.3.8,0.1,0.1,0.0
2.3.3.9,0.1,0.1,0.0
2.3.3.10,0.1,0.1,0.0
2.3.4.1,0.0,0.0,0.0
2.3.4.2,0.0,0.0,0.0
2.3.4.3,0.0,0.0,0.0
2.3.4.4,0.0,0.0,0.0
2.3.4.6,0.0,0.0,0.0
2.3.5.5,0.0,0.0,0.0
2.3.4.7,0.0,0.0,0.0
2.3.4.8,0.0,0.0,0.0
2.3.4.9,0.0,0.0,0.0
2.3.4.10,0.0,0.0,0.0
2.3.5.1,0.0,0.0,0.0
2.3.5.2,0.0,0.0,0.0
2.3.5.3,0.0,0.0,0.0
2.3.5.4,0.0,0.0,0.0
2.3.8.3,0.0,0.0,0.0
2.3.8.4,0.0,0.0,0.0
2.3.8.5,0.0,0.0,0.0
2.3.9.24,0.0,0.0,0.0
2.3.9.16,0.16699999999999998,0.16699999999999998,0.0
2.3.9.17,0.0,0.0,0.0
2.3.9.18,0.0,0.0,0.0
2.3.9.19,0.0,0.0,0.0
2.3.9.20,0.0,0.0,0.0
2.3.9.21,0.0,0.0,0.0
2.3.9.22,0.0,0.0,0.0
2.3.9.23,0.0,0.0,0.0
2.3.9.25,0.0,0.0,0.0
2.3.9.14,0.33399999999999996,0.33399999999999996,0.0
2.3.9.26,0.0,0.0,0.0
2.3.9.27,0.0,0.0,0.0
2.3.9.28,0.0,0.0,0.0
2.3.9.29,0.0,0.0,0.0
2.3.9.30,0.0,0.0,0.0
2.3.9.31,0.25,0.25,0.0
2.3.9.32,0.25,0.25,0.0
2.3.10.1,0.4480000000000001,0.4480000000000001,0.0
2.3.9.15,0.16699999999999998,0.16699999999999998,0.0
2.3.9.13,0.16699999999999998,0.16699999999999998,0.0
2.3.8.6,0.0,0.0,0.0
2.3.9.2,0.0,0.0,0.0
2.3.8.7,0.0,0.0,0.0
2.3.8.8,0.0,0.0,0.0
2.3.8.9,0.0,0.0,0.0
2.3.8.10,0.0,0.0,0.0
2.3.8.11,0.0,0.0,0.0
2.3.8.12,0.0,0.0,0.0
2.3.8.13,0.0,0.0,0.0
2.3.9.1,0.0,0.0,0.0
2.3.9.3,0.0,0.0,0.0
2.3.9.12,0.16699999999999998,0.16699999999999998,0.0
2.3.9.4,0.0,0.0,0.0
2.3.9.5,0.0,0.0,0.0
2.3.9.6,0.0,0.0,0.0
2.3.9.7,0.0,0.0,0.0
2.3.9.8,0.0,0.0,0.0
2.3.9.9,0.0,0.0,0.0
2.3.9.10,0.0,0.0,0.0
2.3.9.11,0.0,0.0,0.0
2.3.3.6,2.266,2.266,0.0
2.3.3.4,2.266,2.266,0.0
2.2.5.14,0.0,0.0,0.0
2.3.3.3,0.1,0.1,0.0
2.2.8.8,0.0,0.0,0.0
2.2.8.9,0.0,0.0,0.0
2.2.8.10,0.0,0.0,0.0
2.2.8.14,0.0,0.0,0.0
2.2.8.15,0.0,0.0,0.0
2.2.8.16,0.0,0.0,0.0
2.2.8.17,0.0,0.0,0.0
2.2.8.18,0.0,0.0,0.0
2.2.8.19,0.0,0.0,0.0
2.2.8.20,0.0,0.0,0.0
2.2.8.4n65,0.0,0.0,0.0
2.2.9.1,0.0,0.0,0.0
2.2.9.2,0.0,0.0,0.0
2.2.9.3,0.0,0.0,0.0
2.2.9.4,0.0,0.0,0.0
2.2.9.5,0.25,0.25,0.0
2.2.9.6,0.25,0.25,0.0
2.2.9.7,0.25,0.25,0.0
2.2.9.14,0.0,0.0,0.0
2.2.8.7,0.0,0.0,0.0
2.2.8.3,0.0,0.0,0.0
2.2.8.2,0.0,0.0,0.0
2.2.6.4,0.29200000000000004,0.29200000000000004,0.0
2.2.5.15,0.0,0.0,0.0
2.2.5.16,1.0,1.0,0.0
2.2.5.17,0.0,0.0,0.0
2.2.5.18,0.0,0.0,0.0
2.2.5.19,1.499,1.499,0.0
2.2.5.20,1.499,1.499,0.0
2.2.5.21,4.4990000000000006,4.4990000000000006,0.0
2.2.6.3,0.29200000000000004,0.29200000000000004,0.0
2.2.6.5,0.4590000000000001,0.4590000000000001,0.0
2.2.8.1,0.0,0.0,0.0
2.2.6.6,0.33399999999999996,0.33399999999999996,0.0
2.2.7.1,0.16699999999999998,0.16699999999999998,0.0
2.2.7.2,0.0,0.0,0.0
2.2.7.3,0.0,0.0,0.0
2.2.7.4,0.0,0.0,0.0
2.2.7.5,0.0,0.0,0.0
2.2.7.6,0.0,0.0,0.0
2.2.7.6n*,0.0,0.0,0.0
2.2.9.15,0.0,0.0,0.0
2.2.9.16,0.0,0.0,0.0
2.2.9.17,0.0,0.0,0.0
2.3.2.1,0.75,0.75,0.0
2.3.1.2,2.53,2.53,0.0
2.3.1.9,0.531,0.531,0.0
2.3.1.13,0.198,0.198,0.0
2.3.1.14,0.198,0.198,0.0
2.3.1.15,0.198,0.198,0.0
2.3.1.16,0.198,0.198,0.0
2.3.1.17,0.198,0.198,0.0
2.3.1.18,0.198,0.198,0.0
2.3.2.2,2.166,2.166,0.0
2.2.12.3,0.12,0.12,0.0
2.3.2.3,0.6659999999999999,0.6659999999999999,0.0
2.3.2.4,1.666,1.666,0.0
2.3.2.5,0.25,0.25,0.0
2.3.2.6,1.6669999999999998,1.6669999999999998,0.0
2.3.2.7,1.9169999999999998,1.9169999999999998,0.0
2.3.2.8,0.5,0.5,0.0
2.3.3.1,0.6,0.6,0.0
2.3.3.2,0.6,0.6,0.0
2.3.1.1,1.53,1.53,0.0
2.2.12.2,0.12,0.12,0.0
2.2.9.18,0.0,0.0,0.0
2.2.10.7,0.12,0.12,0.0
2.2.9.19,0.0,0.0,0.0
2.2.9.20,0.0,0.0,0.0
2.2.10.1,0.12,0.12,0.0
2.2.10.2,0.12,0.12,0.0
2.2.10.3,0.12,0.12,0.0
2.2.10.4,1.12,1.12,0.0
2.2.10.5,0.12,0.12,0.0
2.2.10.6,0.12,0.12,0.0
2.2.10.8,1.12,1.12,0.0
2.2.12.1,0.12,0.12,0.0
2.2.10.9,1.12,1.12,0.0
2.2.10.10,0.12,0.12,0.0
2.2.11.1,0.12,0.12,0.0
2.2.11.2,0.12,0.12,0.0
2.2.11.3,0.12,0.12,0.0
2.2.11.4,0.12,0.12,0.0
2.2.11.5,0.12,0.12,0.0
2.2.11.6,0.12,0.12,0.0
Abs35,21.5,21.5,0.0
